{
  "code": 200,
  "data": [
    {
      "id": 1,
      "title": "2021年9月安兔兔Android手机好评榜TOP 10",
      "describe":"数据来源: 安兔兔测评(2021.9.1 - 2021.9.30)",
      "statisticalDescription": "*好评率",
      "items": [
        { "id": 1, "value": 97.1, "title": "三星", "bgColor": "#41A82E"},
        { "id": 2, "value": 95.19, "title": "OPPO", "bgColor": "#1FA7B2"}, 
        { "id": 3, "value": 94.12, "title": "华为", "bgColor": "#1CABAE"}, 
        { "id": 4, "value": 93.23, "title": "魅族18 Pro", "bgColor": "#0B94FE"}, 
        { "id": 5, "value": 93.10, "title": "魅族18", "bgColor": "#0B91FF"}, 
        { "id": 6, "value": 92.62, "title": "三星Galaxy", "bgColor": "#138DFE"}, 
        { "id": 7, "value": 92.30, "title": "华为P40", "bgColor": "#0AACFF"}, 
        { "id": 8, "value": 91.80, "title": "vivo S10", "bgColor": "#0AACFF"}, 
        { "id": 9, "value": 91.20, "title": "vivo X60", "bgColor": "#0AACFF"}, 
        { "id": 10, "value": 90.21, "title": "华为荣耀Magic3", "bgColor": "#0AACFF"}
      ]
    }
  ],
  "message": "Success"
}
