{
    "code": 200,
    "data": [
      {
        "account": "admin",
        "avatar": "https://media.geeksforgeeks.org/wp-content/uploads/20200403151026/adblur_gfg.png",
        "bUserType": "SYSTEM",
        "birthday": "1997-05-05 00:00:00",
        "createtime": "2020-10-08 16:17:37",
        "deleteFlag": 1,
        "email": "admin10@kequandian.net",
        "emailValidated": 0,
        "extraUserType": 1,
        "id": "876708082437197830",
        "isAppUser": 0,
        "openid": null,
        "orgId": "100000000000000010",
        "password": "b5106d36993ba6afd2b5b99e3e46e1af",
        "passwordReset": 1,
        "phone": "18200000003",
        "registeredEmail": 0,
        "registeredPhone": 0,
        "salt": "p683b",
        "sex": 0,
        "status": 1,
        "tenantOrgId": null,
        "userType": 101,
        "version": 1
      },
      {
        "account": "inspector",
        "avatar": "https://avatars1.githubusercontent.com/u/5188650?s=460&u=91bfbfeaa3ed601f2060af7a84e29c0859ca5e8e&v=4",
        "bUserType": "SYSTEM",
        "birthday": "1997-05-05 00:00:00",
        "createtime": "2020-10-08 16:17:37",
        "deleteFlag": 1,
        "email": "inspector10@kequandian.net",
        "emailValidated": 0,
        "extraUserType": 1,
        "id": "876708082437197831",
        "isAppUser": 0,
        "openid": null,
        "orgId": "100000000000000010",
        "password": "cf9bfbe6278fa75794d517a0e36d9263",
        "passwordReset": 1,
        "phone": "18200000004",
        "registeredEmail": 0,
        "registeredPhone": 0,
        "salt": "ixki5",
        "sex": 2,
        "status": 1,
        "tenantOrgId": null,
        "userType": 102,
        "version": 1,
        "name": "name111"
      },
      {
        "account": "13660456789",
        "avatar": "https://avatars1.githubusercontent.com/u/35095695?s=460&v=4",
        "bUserType": "USER",
        "birthday": null,
        "createtime": "2020-10-08 16:18:18",
        "deleteFlag": 1,
        "email": null,
        "emailValidated": 0,
        "extraUserType": 1,
        "id": "876708082437197833",
        "isAppUser": 0,
        "openid": null,
        "orgId": "100000000000000061",
        "password": "47143e7a8d842c53a05dfb5b3aa5b24b",
        "passwordReset": 0,
        "phone": "13660456789",
        "registeredEmail": 0,
        "registeredPhone": 0,
        "salt": "f7o24",
        "sex": null,
        "status": 1,
        "tenantOrgId": "100000000000000061",
        "userType": 1,
        "version": null,
        "name": "name222"
      },
      {
        "account": "13560126665",
        "avatar": "https://avatars1.githubusercontent.com/u/37545?s=460&v=4",
        "bUserType": "SYSTEM",
        "birthday": null,
        "createtime": "2020-10-08 16:33:43",
        "deleteFlag": 1,
        "email": null,
        "emailValidated": 0,
        "extraUserType": 1,
        "id": "876708082437197837",
        "isAppUser": 0,
        "openid": null,
        "orgId": "100000000000000075",
        "password": "94fe8c2629062f7512a45fdb7f374b6b",
        "passwordReset": 0,
        "phone": "13560126665",
        "registeredEmail": 0,
        "registeredPhone": 0,
        "salt": "4cbvw",
        "sex": null,
        "status": 1,
        "tenantOrgId": "100000000000000010",
        "userType": 3,
        "version": null,
        "name": "name333"
      }
    ],
    "message": "Success"
}
