{
    "xname":"Flexbox",
    "props":{
        "align":"start",
        "direction":"column",
        "justidy":"center"
    },
    "gateway":{
        "xname":"Binding",
        "props":{
            "binding":{
                "imgUrl":"imgUrl",
                "title":"title",
                "text":"text",
                "time":"time"
            }
        }
    },
    "cart":{
        "xname":"ItemCart",
        "props":{
            "padding":"10px"
        }
    },
    "container":"PlainList",
    "presenter":{
        "xname":"Flexbox",
        "props":{
            "align":"start",
            "direction":"row",
            "justidy":"center"
        },
        "children":[
            {
                "presenter":"ImageAnimation",
                "gateway":{
                    "xname":"Binding",
                    "props":{
                        "binding":{
                            "imgUrl":"url"
                        }
                    }
                }
            },
            {
                "presenter":"ContentText",
                "gateway":{
                    "xname":"Binding",
                    "props":{
                        "binding":{
                            "title":"title",
                            "text":"text"
                        }                                                     
                    }
                }
            },
            {
                "presenter":"ContentFinish",
                "gateway":{
                    "xname":"Binding",
                    "props":{
                        "binding":{
                            "time":"time"
                        }
                    }
                }
            }
        ]
    }
}